Python,Git,CRM,Django,Linux,English,Flask,Docker,JavaScript,OOP,Redis,Rest,Bash,Jira,Jupyter
0.29737352370879605,0.11739820200951877,0.10400141018861273,0.10400141018861273,0.09183853340384276,0.046183677066807684,0.03930900757976379,0.03878018684999119,0.03296315882249251,0.03084787590340208,0.025030847875903404,0.011634056054997356,0.011281508901815618,0.010576414595452142,0.03878018684999119
0.2711864406779661,0.08135593220338982,0.16271186440677965,0.03389830508474576,0.14915254237288136,0.05423728813559322,0.01694915254237288,0.013559322033898305,0.02711864406779661,0.04067796610169491,0.05423728813559322,0.02711864406779661,0.02711864406779661,0.02711864406779661,0.013559322033898305
0.07597370993079271,0.12266588582575905,0.16619249047360904,0.16619249047360904,0.06885117462478088,0.04883685041488769,0.08213470297049293,0.03640406934183817,0.028490141224047263,0.010288106553128179,0.004748356870674544,0.013453677800244541,0.011079499364907269,0.1282847747893906,0.03640406934183817
0.26126126126126126,0.08320084790673025,0.08108108108108109,0.05140434552199258,0.13142554319024907,0.06359300476947535,0.03179650238473768,0.021197668256491786,0.06041335453100159,0.028086910439851617,0.06677265500794913,0.033386327503974564,0.03285638579756227,0.03232644409114997,0.021197668256491786